{"cameraMode":{"drawMode":0,"name":"Shaded","section":"Shading Mode"},"sceneLighting":true,"audioPlay":false,"sceneViewState":{"showFog":true,"showMaterialUpdate":false,"showSkybox":false,"showFlares":true,"showImageEffects":true,"showParticleSystems":true},"in2DMode":false,"pivot":{"x":0.27002885937690737,"y":-0.2950288653373718,"z":1.159403920173645},"rotation":{"x":0.06651425361633301,"y":0.4591543972492218,"z":-0.03450124338269234,"w":0.8851920366287231},"size":0.8541254997253418,"orthographic":false}