{"cameraMode":{"drawMode":0,"name":"Shaded","section":"Shading Mode"},"sceneLighting":true,"audioPlay":false,"sceneViewState":{"showFog":true,"showMaterialUpdate":false,"showSkybox":false,"showFlares":true,"showImageEffects":true,"showParticleSystems":true},"in2DMode":false,"pivot":{"x":0.5582563877105713,"y":-0.3590351343154907,"z":1.036136507987976},"rotation":{"x":0.022169992327690126,"y":-0.17012472450733186,"z":0.0038284375332295896,"w":0.9851678609848023},"size":0.5542469024658203,"orthographic":true}