{"cameraMode":{"drawMode":0,"name":"Shaded","section":"Shading Mode"},"sceneLighting":true,"audioPlay":false,"sceneViewState":{"showFog":true,"showMaterialUpdate":false,"showSkybox":true,"showFlares":true,"showImageEffects":true,"showParticleSystems":true},"in2DMode":false,"pivot":{"x":371.1513977050781,"y":-150.7822265625,"z":343.7261962890625},"rotation":{"x":0.2724612355232239,"y":-0.11030752956867218,"z":0.031430214643478397,"w":0.9553751349449158},"size":1523.9163818359375,"orthographic":false}