{"cameraMode":{"drawMode":0,"name":"Shaded","section":"Shading Mode"},"sceneLighting":true,"audioPlay":false,"sceneViewState":{"showFog":true,"showMaterialUpdate":false,"showSkybox":false,"showFlares":true,"showImageEffects":true,"showParticleSystems":true},"in2DMode":false,"pivot":{"x":0.5357035994529724,"y":-0.2950407564640045,"z":1.0473883152008057},"rotation":{"x":0.04849850758910179,"y":0.1979369819164276,"z":-0.00980578176677227,"w":0.9789665937423706},"size":0.8541254997253418,"orthographic":false}