{"cameraMode":{"drawMode":0,"name":"Shaded","section":"Shading Mode"},"sceneLighting":true,"audioPlay":false,"sceneViewState":{"showFog":true,"showMaterialUpdate":false,"showSkybox":false,"showFlares":true,"showImageEffects":true,"showParticleSystems":true},"in2DMode":false,"pivot":{"x":0.45499998331069949,"y":-0.3403327167034149,"z":0.8899999856948853},"rotation":{"x":-0.09486427158117295,"y":0.5173988938331604,"z":-0.05780147388577461,"w":-0.8485749959945679},"size":0.3523956537246704,"orthographic":false}