{"cameraMode":{"drawMode":0,"name":"Shaded","section":"Shading Mode"},"sceneLighting":false,"audioPlay":false,"sceneViewState":{"showFog":true,"showMaterialUpdate":false,"showSkybox":false,"showFlares":true,"showImageEffects":true,"showParticleSystems":true},"in2DMode":false,"pivot":{"x":10.385377883911133,"y":1.2776644229888917,"z":-2.043459415435791},"rotation":{"x":-0.15780171751976014,"y":-0.6016607880592346,"z":0.1228233128786087,"w":-0.7734090685844421},"size":8.181925773620606,"orthographic":false}